suburb,number_of_houses,number_of_units,municipality,aus_born_perc,median_income,median_house_price,population,std_median_income,boxcox_number_of_units,boxcox_number_of_houses,sqrt_population,boxcox_median_house_price
ABBOTSFORD,2304,4706,Yarra,68.0,1797.0,1299400.0,4025,1.2902056465236071,15.165917666760565,17.055836352392664,63.4428877022476,4.7750934098242865
ABERFELDIE,1410,453,Moonee Valley,81.0,1571.0,1926600.0,22442,0.5773924387069799,9.243470503201786,15.121838568257186,149.80654191322887,4.799038146517063
ALBANVALE,1897,138,Brimbank,46.0,907.0,594200.0,54005,-1.5168906143471812,6.84592641872935,16.269489730418986,232.38975881049493,4.721666790149018
ALBION,1389,1392,Brimbank,52.0,929.0,739100.0,30677,-1.4475017180110494,11.865200157214787,15.065430049293846,175.1485084150019,4.737400773151343
ALPHINGTON,1729,1099,Darebin,73.0,1538.0,1729600.0,9227,0.47330909420278217,11.28179413230939,15.90407483115062,96.0572745813663,4.792663177195755
ALTONA,4843,2394,Hobsons Bay,70.0,1160.0,1139500.0,11742,-0.7189183064816651,13.271682781700347,20.332384621076233,108.36050941187015,4.766689919654473
ALTONA NORTH,5002,1622,Hobsons Bay,52.0,910.0,935500.0,12830,-1.507428492119527,12.252109086501475,20.4852048540406,113.26958991715296,4.753651884771849
ARDEER,1263,335,Brimbank,46.0,895.0,663400.0,10176,-1.5547391032577986,8.600139483401453,14.711531170981694,100.87616170334793,4.729693927250142
ARMADALE,2838,3841,Stonnington,73.0,1713.0,1925900.0,8428,1.0252662241492854,14.579513287378926,17.930778668735183,91.804139340228,4.799016895073194
ASHWOOD,2378,1176,Monash,73.0,1469.0,1436500.0,12420,0.25568028296673223,11.447171386457834,17.18639112223952,111.44505372604026,4.78136836263624
ASPENDALE,2432,1048,Kingston,76.0,1492.0,1424900.0,24045,0.32822322004541554,11.16659631109509,17.279581076915054,155.06450270774417,4.7808657235377625
ATTWOOD,824,102,Hume,74.0,1388.0,995100.0,8623,0.00020298282006500046,6.291736428893192,13.195856209268484,92.86010984270911,4.757788404875361
BALACLAVA,1403,2485,Port Phillip,63.0,1449.0,1462600.0,17374,0.1925994681157033,13.37205900303109,15.103112468754018,131.8104699938514,4.782481762553522
BALWYN,4589,2796,Boroondara,71.0,1563.0,2551100.0,13849,0.5521601127665683,13.69246301270631,20.07952644398478,117.6817742898194,4.815012693382309
BALWYN NORTH,7484,1598,Boroondara,68.0,1787.0,2143200.0,19335,1.2586652390980926,12.214060482605463,22.469174379646027,139.05035059286976,4.805203847241884
BAYSWATER,4737,3089,Knox,77.0,1186.0,865500.0,19945,-0.6369132471753274,13.96701565641221,20.228210779418095,141.2267680009707,4.748371173825101
BAYSWATER NORTH,3026,1874,Maroondah,77.0,1186.0,836500.0,19945,-0.6369132471753274,12.624461875720298,18.206780047307216,141.2267680009707,4.74603162805366
BEAUMARIS,5041,1732,Bayside,79.0,1845.0,1882800.0,17536,1.4415996021660766,12.420446571863826,20.522081805327893,132.4235628579748,4.797690319015072
BELLFIELD,738,119,Banyule,74.0,938.0,994800.0,13096,-1.4191153513280865,6.57169377894401,12.823500513631055,114.43775600735974,4.7577683318811435
BENTLEIGH,5799,3228,Glen Eira,72.0,1538.0,1649200.0,17630,0.47330909420278217,14.08938595015027,21.196270737860527,132.77801022759755,4.789806815282665
BLACKBURN,4821,2501,Whitehorse,75.0,1387.0,1485900.0,27564,-0.002951057922486447,13.389374844258356,20.310917956985776,166.02409463689298,4.783455822074474
BLACKBURN SOUTH,3588,1235,Whitehorse,75.0,1387.0,1286500.0,27564,-0.002951057922486447,11.567607402013321,18.955712253333463,166.02409463689298,4.774462478205335
BONBEACH,2249,1613,Kingston,76.0,1179.0,1114700.0,19121,-0.6589915323731875,12.23789882541375,16.95656402106728,138.27870407260838,4.765260438193921
BORONIA,8285,4281,Knox,79.0,1162.0,832500.0,20314,-0.7126102249965621,14.890759232003404,22.993349893790707,142.52719038836062,4.745701326296583
BRAYBROOK,2822,1654,Maribyrnong,52.0,792.0,755400.0,6573,-1.8796052997405979,12.302083118580214,17.90660568878645,81.0740402348372,4.738936909589473
BRIAR HILL,1201,531,Banyule,83.0,1524.0,974500.0,26045,0.42915252380706187,9.592197950510473,14.52668053353477,161.38463371709216,4.756392982074103
BRIGHTON,8625,6345,Bayside,77.0,2200.0,2483600.0,20135,2.5612840657718405,16.056641793474373,23.20338680870222,141.89785058273435,4.813524723757047
BRIGHTON EAST,6029,2973,Bayside,74.0,1797.0,2099900.0,13714,1.2902056465236071,13.861156290017538,21.38655249454957,117.10678887237921,4.804032652400336
BROADMEADOWS,4395,1983,Hume,58.0,762.0,565700.0,18510,-1.974226522017141,12.772099277262909,19.87857651308903,136.0514608521349,4.718028893949016
BROOKLYN,1077,551,Hobsons Bay,56.0,1162.0,701800.0,19978,-0.7126102249965621,9.674368541178247,14.132261785962681,141.34355308962628,4.733727697124284
BRUNSWICK,8835,8041,Moreland,62.0,1433.0,1265800.0,20155,0.14213481623488014,16.787130154134815,23.329758133352254,141.96830632222108,4.773434071099302
BRUNSWICK EAST,3673,3968,Moreland,63.0,1468.0,1312400.0,6918,0.2525262422241808,14.672418463159742,19.06048265175712,83.17451532771321,4.775721697548901
BRUNSWICK WEST,4431,4309,Moreland,65.0,1232.0,1108300.0,11882,-0.4918273730179608,14.909605258807042,19.91640661093176,109.00458705944443,4.764885356476141
BULLEEN,4269,979,Manningham,58.0,1225.0,1322600.0,10590,-0.5139056582158209,11.002687556882865,19.74414496484618,102.90772565750348,4.776209472308526
BUNDOORA,8943,3243,Whittlesea,69.0,1172.0,876900.0,24119,-0.6810698175710477,14.102314883314431,23.393795826856273,155.30292978562898,4.749265311054469
BURNLEY,305,258,Yarra,65.0,1731.0,1272500.0,24112,1.0820389575152116,8.062889327275986,10.094799096599647,155.28039155025337,4.773769125839189
BURNSIDE,1290,343,Melton,57.0,1423.0,788300.0,14107,0.11059440880936566,8.649569365000636,14.789719849811537,118.77289253024026,4.7419200594290185
BURNSIDE HEIGHTS,1598,121,Melton,57.0,1423.0,808400.0,14107,0.11059440880936566,6.602292653045157,15.598423126347631,118.77289253024026,4.743670237857848
BURWOOD,5052,3288,Whitehorse,73.0,1100.0,1296800.0,18501,-0.9081607510347519,14.14079082846986,20.532440834465927,136.0183811107896,4.77496684988342
CAIRNLEA,2159,192,Brimbank,57.0,1423.0,969000.0,14107,0.11059440880936566,7.47617933706739,16.789753380663903,118.77289253024026,4.756014441775853
CAMBERWELL,7459,4358,Boroondara,77.0,2122.0,2235400.0,15537,2.3152688878528274,14.942330025944175,22.452089897988273,124.64750298341319,4.807606031472462
CAMPBELLFIELD,2830,1163,Hume,48.0,786.0,588600.0,5480,-1.8985295441959065,11.419927029185844,17.918706139271688,74.02702209328699,4.720968676179032
CANTERBURY,2781,1325,Boroondara,80.0,2352.0,2875800.0,7418,3.0406982586396607,11.741982485920623,17.84414723829891,86.1278120005379,4.821565848937658
CARLTON,2909,16139,Melbourne,47.0,633.0,1480600.0,10673,-2.381097777806278,19.06726470308473,18.036721204743206,103.31021246711285,4.7832358678118485
CARNEGIE,4596,5791,Glen Eira,64.0,1287.0,1406500.0,30031,-0.31835513217763123,15.780723654418091,20.086646465599888,173.29454694248173,4.780058309342
CARRUM,1725,1350,Kingston,76.0,1305.0,1047100.0,12098,-0.26158239881170514,11.788582259387672,15.895026812455406,109.99090871522064,4.761162365975057
CAULFIELD,1723,1630,Glen Eira,61.0,1547.0,1704100.0,15277,0.5016954608857451,12.264682753084621,15.890496371947687,123.60016181219181,4.791774739471336
CAULFIELD EAST,490,537,Glen Eira,76.0,1663.0,1469200.0,13712,0.8675641870217131,9.61712892237839,11.503944647656008,117.09824934643558,4.7827595504699145
CAULFIELD NORTH,4532,4465,Glen Eira,62.0,1735.0,1945400.0,13600,1.0946551204854174,15.012688038624125,20.021216335372948,116.61903789690601,4.799605468798966
CHADSTONE,3244,1608,Monash,65.0,1234.0,1217700.0,12357,-0.48551929153285794,12.229974296444727,18.509799507368275,111.16204388189342,4.770964653818836
CHELTENHAM,8087,5856,Kingston,74.0,1233.0,1167300.0,18907,-0.4886733322754094,15.814261526574752,22.867767387983314,137.5027272456805,4.7682487304875245
CLARINDA,2271,640,Kingston,44.0,1116.0,1012900.0,19027,-0.8576960991539287,10.011115602674698,16.996508501360616,137.93839204514455,4.758966612641217
CLAYTON,5171,5343,Monash,48.0,962.0,1017200.0,18901,-1.3434183735068517,15.540194023309285,20.643344452476722,137.48090776540573,4.759247524381067
CLAYTON SOUTH,4011,2549,Kingston,44.0,1116.0,927200.0,19027,-0.8576960991539287,13.440748223644754,19.458437822322672,137.93839204514455,4.753050864020654
COBURG,10323,4557,Moreland,63.0,1268.0,1129500.0,29021,-0.3782819062861087,15.072015421832488,24.161002639466997,170.35551062410633,4.766118035726936
COBURG NORTH,3269,947,Moreland,63.0,1268.0,909700.0,29021,-0.3782819062861087,10.923221971303972,18.543476305684294,170.35551062410633,4.751762291967109
COLLINGWOOD,2122,4470,Yarra,60.0,1278.0,1275000.0,5113,-0.34674149886059424,15.015939655236199,16.719523552301393,71.50524456289902,4.7738936060529715
COOLAROO,1300,237,Hume,57.0,867.0,507200.0,18590,-1.6430522440492392,7.892044264997349,14.818339417254457,136.3451502621197,4.7098231661538446
CRAIGIEBURN,19933,1906,Hume,74.0,1349.0,643500.0,25491,-0.12280460613944146,12.668566106688166,27.948419109832038,159.6590116466966,4.7274920198290635
CREMORNE,901,1028,Yarra,65.0,1731.0,1529500.0,24112,1.0820389575152116,11.120080604849209,13.503190190521462,155.28039155025337,4.785230373193757
CROYDON,9705,5573,Maroondah,81.0,1267.0,902900.0,37491,-0.3814359470286602,15.665790396219561,23.82849239384407,193.62592801585225,4.751253566828083
CROYDON NORTH,2487,783,Maroondah,81.0,1267.0,1020800.0,37491,-0.3814359470286602,10.474886151824753,17.372774478450125,193.62592801585225,4.759481616074617
CROYDON SOUTH,1772,354,Maroondah,81.0,1267.0,835300.0,37491,-0.3814359470286602,8.715916990163237,16.00027620157737,193.62592801585225,4.745932736241083
DALLAS,2207,315,Hume,58.0,762.0,514300.0,18510,-1.974226522017141,8.47190134558885,16.879411255643173,136.0514608521349,4.710877957374038
DANDENONG,8074,9600,Greater Dandenong,48.0,899.0,685100.0,45248,-1.542122940287593,17.348131952330306,22.859434503916834,212.7157728049333,4.732006697034378
DANDENONG NORTH,7575,1845,Greater Dandenong,48.0,899.0,758400.0,45248,-1.542122940287593,12.58392073349896,22.530970667989024,212.7157728049333,4.739215313737508
DEER PARK,6436,1475,Brimbank,57.0,1423.0,661400.0,14107,0.11059440880936566,12.010855721421484,21.709194698465225,118.77289253024026,4.729476223820382
DELAHEY,2193,541,Brimbank,64.0,1491.0,648400.0,27356,0.3250691793028641,9.63361479593796,16.853427002285535,165.3964933122828,4.728041684407508
DIAMOND CREEK,3765,720,Nillumbik,88.0,1860.0,983500.0,10332,1.4889102133043484,10.280540151760489,19.171671579598662,101.6464460765845,4.757006932016985
DONCASTER,7598,4243,Manningham,58.0,1242.0,1446200.0,17447,-0.46028696559244636,14.865009595248067,22.54649341466264,132.0870924806811,4.781784959755341
DONCASTER EAST,9879,4060,Manningham,60.0,1356.0,1477300.0,26080,-0.10072632094158132,14.738111694749238,23.923822107328274,161.4930339054908,4.78309843883376
DONVALE,4065,1346,Manningham,74.0,1614.0,1498500.0,10274,0.7130161906366922,11.781177199529617,19.519454575074207,101.36074190730847,4.78397498608795
DOVETON,3150,953,Casey,59.0,819.0,602200.0,9801,-1.7944461996917087,10.938298539274172,18.381245750983418,99.0,4.722650559617679
EAGLEMONT,1441,442,Banyule,77.0,1551.0,2047000.0,21826,0.514311623855951,9.190136566108094,15.203866321949475,147.7362514753911,4.80256196027619
ELSTERNWICK,3005,3427,Glen Eira,69.0,1497.0,1859300.0,10824,0.34399342375817277,14.25680247246312,18.17665710082594,104.03845442911962,4.796951615175985
ELTHAM,6040,1782,Nillumbik,85.0,1923.0,1178700.0,28827,1.6876147800850894,12.493895309267728,21.395503314375073,169.78515836197226,4.768875166255638
ELTHAM NORTH,2175,118,Nillumbik,85.0,1923.0,1227100.0,28827,1.6876147800850894,6.556225606997698,16.81981874428754,169.78515836197226,4.771456317054603
ELWOOD,3628,8403,Port Phillip,72.0,1715.0,1874000.0,12829,1.0315743056343885,16.92535936423838,19.005265782953735,113.26517558367179,4.797414996344144
EPPING,13368,3047,Whittlesea,73.0,1283.0,673200.0,19624,-0.330971295147837,13.929094457721463,25.59476875520663,140.0856880626997,4.730749442345956
ESSENDON,6869,5592,Moonee Valley,81.0,1571.0,1550000.0,22442,0.5773924387069799,15.675962211297898,22.034633071866672,149.80654191322887,4.786043947131631
ESSENDON WEST,543,204,Moonee Valley,81.0,1571.0,1154400.0,22442,0.5773924387069799,7.594775879057732,11.82564038877563,149.80654191322887,4.767530982728879
EUMEMMERRING,610,489,Casey,59.0,819.0,668900.0,9801,-1.7944461996917087,9.4104493368588,12.197449859039397,99.0,4.730288586342093
FAIRFIELD,2113,1694,Darebin,73.0,1538.0,1615300.0,9227,0.47330909420278217,12.363376924109486,16.702289437343335,96.0572745813663,4.788552092676802
FAWKNER,4754,1266,Moreland,53.0,865.0,745500.0,12899,-1.649360325534342,11.628887107189817,20.245045327381355,113.57376457615553,4.738008706309539
FITZROY,3147,5530,Yarra,63.0,1483.0,1568000.0,9007,0.2998368533624525,15.642657700928535,18.377091619039717,94.90521587352299,4.786747763007084
FLEMINGTON,1877,3086,Moonee Valley,62.0,1401.0,1069400.0,14523,0.04120551247323382,13.964321975976663,16.22740922257087,120.51141024815865,4.762548401976876
FOOTSCRAY,5286,6864,Maribyrnong,49.0,1181.0,869400.0,16926,-0.6526834508880847,16.296662472633873,20.748555901653397,130.09996156801893,4.748678640262094
FOREST HILL,3743,1715,Whitehorse,70.0,1202.0,1170300.0,20796,-0.5864485952945042,12.395051953471613,19.14528661954836,144.20818284688286,4.768414289264315
GARDENVALE,298,384,Glen Eira,69.0,1497.0,1491600.0,10824,0.34399342375817277,8.888122381250014,10.028874792030035,104.03845442911962,4.783691331711068
GLEN IRIS,7727,5128,Boroondara,77.0,1965.0,1995800.0,18622,1.8200844912722502,15.418444666499488,22.632850931468916,136.46244904734783,4.801094578541894
GLENROY,7882,4021,Moreland,66.0,1004.0,743900.0,27707,-1.2109486623196908,14.71042382639487,22.735069147510266,166.45419790440852,4.737857309893189
GOWANBRAE,651,337,Moreland,65.0,1150.0,919100.0,16710,-0.7504587139071796,8.612592789937882,12.408799913659855,129.267165204471,4.75245808828474
GREENSBOROUGH,7426,2533,Banyule,83.0,1524.0,984000.0,26045,0.42915252380706187,13.423718319667682,22.42946658639916,161.38463371709216,4.757040843126367
GREENVALE,6480,251,Hume,72.0,1730.0,942100.0,9120,1.0788849167726602,8.007335388124421,21.743067567891107,95.49869109050658,4.75412527018709
HADFIELD,2326,712,Moreland,66.0,1004.0,805000.0,27707,-1.2109486623196908,10.254808383090158,17.095003597559153,166.45419790440852,4.743377869317545
HALLAM,3494,1290,Casey,56.0,1156.0,724000.0,9061,-0.7315344694518708,11.675436085416926,18.837459688299273,95.1892851112981,4.735941125872097
HAMPTON,4651,2612,Bayside,78.0,1653.0,2032200.0,11231,0.8360237795961987,13.506908934648859,20.142283259918774,105.9764124699454,4.802142345853436
HAMPTON EAST,1756,1349,Bayside,78.0,1653.0,1396000.0,11231,0.8360237795961987,11.786732792188152,15.964705516478341,105.9764124699454,4.779591873143762
HAWTHORN,5753,11459,Boroondara,72.0,1627.0,2103800.0,19166,0.7540187202898609,17.92124644742519,21.15747644372838,138.44132331063582,4.8041393200309175
HEATHERTON,1014,463,Kingston,70.0,1752.0,1123700.0,1371,1.148273813108792,9.290983556653224,13.917451720875546,37.027017163147235,4.7657835607809
HEATHMONT,3459,1027,Maroondah,80.0,1297.0,1083000.0,16322,-0.2868147247521167,11.117734141058264,18.792764703000678,127.75758294520134,4.7633768346460235
HEIDELBERG,2066,1742,Banyule,77.0,1551.0,1213100.0,21826,0.514311623855951,12.435283102090207,16.61130194440837,147.7362514753911,4.770722395325917
HEIDELBERG HEIGHTS,2701,1386,Banyule,74.0,938.0,1011500.0,13096,-1.4191153513280865,11.854379365423947,17.7200783747037,114.43775600735974,4.7588748450403076
HIGHETT,3939,2524,Bayside,73.0,1384.0,1355400.0,9299,-0.01241318015014079,13.414097682153535,19.37602920495167,96.43132271207318,4.777748014869303
HILLSIDE,4717,798,Melton,64.0,1491.0,867300.0,27356,0.3250691793028641,10.519139314384804,20.20834210270803,165.3964933122828,4.748513286908594
HUGHESDALE,2268,2190,Monash,65.0,1340.0,1374600.0,16280,-0.15119097282240448,13.03396480207188,16.99108019785369,127.59310326189265,4.778628104920028
HUNTINGDALE,751,342,Monash,65.0,1340.0,1192500.0,16280,-0.15119097282240448,8.64344602235226,12.881989135264257,127.59310326189265,4.769623856541176
IVANHOE,4147,2613,Banyule,77.0,1709.0,1560600.0,14278,1.0126500611790796,13.507947822740137,19.61085501071017,119.49058540320237,4.786459592255257
JACANA,860,147,Hume,58.0,762.0,577100.0,18510,-1.974226522017141,6.964466504512249,13.342341632405496,136.0514608521349,4.719509809137067
KEALBA,1111,142,Brimbank,46.0,907.0,704200.0,54005,-1.5168906143471812,6.899419812534473,14.243955322325114,232.38975881049493,4.733970997663291
KEILOR,2226,442,Brimbank,76.0,1541.0,1047100.0,6503,0.48277121643043647,9.190136566108094,16.914460999110606,80.64118054691411,4.761162365975057
KENSINGTON,3940,4804,Melbourne,62.0,1401.0,1202200.0,14523,0.04120551247323382,15.22627349195287,19.377182167340106,120.51141024815865,4.770143934358344
KEW,8044,6097,Boroondara,73.0,2022.0,2332200.0,21677,1.9998648135976829,15.935838141318884,22.840162844734735,147.2311108427835,4.810003751196974
KEW EAST,2236,1007,Boroondara,73.0,1807.0,1989100.0,7252,1.3217460539491215,11.070380861610756,16.932810135986294,85.15867542417507,4.800899229217718
KEYSBOROUGH,9761,1578,Greater Dandenong,49.0,1253.0,1006400.0,16492,-0.4255925174243804,12.181970262249264,23.85932458240211,128.42118205342916,4.758539259417434
KILSYTH,4209,1613,Yarra Ranges,82.0,1211.0,813100.0,12665,-0.5580622286115412,12.23789882541375,19.6789871270177,112.53888216967503,4.744071981247611
KILSYTH SOUTH,767,163,Maroondah,82.0,1211.0,1100900.0,12665,-0.5580622286115412,7.1603768919598085,12.952849933978301,112.53888216967503,4.764448425123736
KINGSBURY,1234,479,Darebin,69.0,1172.0,813800.0,24119,-0.6810698175710477,9.365172650564123,14.626014250700436,155.30292978562898,4.74413157766779
KINGSVILLE,1266,832,Maribyrnong,56.0,1162.0,1091300.0,19978,-0.7126102249965621,10.616817874512883,14.720285878173383,141.34355308962628,4.763876331264276
KNOXFIELD,2723,1042,Knox,76.0,1310.0,909600.0,6617,-0.24581219509894792,11.152723568146712,17.754493495187226,81.34494452638098,4.751754843705824
KOOYONG,283,226,Stonnington,78.0,2047.0,2232000.0,10201,2.078715832161469,7.797208867026614,9.883232842050422,101.0,4.807519566575144
LALOR,8358,1216,Whittlesea,52.0,919.0,678600.0,20717,-1.479042125436564,11.529381748613384,23.039032055147715,143.93401265857906,4.731323229041354
LAVERTON,2370,488,Hobsons Bay,67.0,1221.0,603500.0,29313,-0.5265218211860268,9.40595823447001,17.172438479520594,171.2103968805633,4.722808945259628
LILYDALE,5989,2379,Yarra Ranges,82.0,1284.0,908900.0,13615,-0.32781725440528553,13.254818434789085,21.353891145401803,116.68333214302719,4.7517026784357626
LYSTERFIELD,1797,79,Knox,78.0,1392.0,1386000.0,35341,0.01281914579027079,5.839565298917925,16.055333468179317,187.99202110727998,4.779143729974009
MACLEOD,3511,1718,Banyule,79.0,1458.0,1123400.0,12063,0.22098583479866632,12.399549280013577,18.85903679493837,109.83168941612435,4.765766204210169
MAIDSTONE,2995,2208,Maribyrnong,56.0,1162.0,843300.0,19978,-0.7126102249965621,13.055700732989328,18.16225233832481,141.34355308962628,4.746588827933392
MALVERN,3622,3241,Stonnington,78.0,2047.0,2337300.0,10201,2.078715832161469,14.100594046046863,18.997861306947517,101.0,4.810126762713226
MCKINNON,1953,1107,Glen Eira,72.0,1538.0,1683800.0,17630,0.47330909420278217,11.29943904096827,16.385416238068114,132.77801022759755,4.7910560271550855
MENTONE,4507,3922,Kingston,76.0,1288.0,1332300.0,14158,-0.31520109143507974,14.6390716862641,19.995452487135392,118.98739429031968,4.776669180208782
MITCHAM,5802,3089,Whitehorse,76.0,1424.0,1128700.0,14482,0.11374844955191711,13.96701565641221,21.19879205438348,120.34118164618461,4.766072023545364
MONTMORENCY,3368,1434,Banyule,87.0,1457.0,1111000.0,8154,0.21783179405611489,11.939825594303326,18.67480356046701,90.29950165975447,4.765043909224619
MOONEE PONDS,5142,3482,Moonee Valley,73.0,1611.0,1367100.0,12017,0.7035540684090378,14.301574495252103,20.616511266203233,109.62207806824317,4.778286080198605
MOORABBIN,2571,1673,Kingston,69.0,1294.0,1283800.0,13081,-0.2962768469797711,12.331357183618625,17.511906868840672,114.37219941926448,4.7743294648333725
MOOROOLBARK,7655,1413,Yarra Ranges,80.0,1360.0,874500.0,18998,-0.08811015797137553,11.902754970191824,22.584797978217484,137.83323256747627,4.749078231498244
MORDIALLOC,2949,2322,Kingston,76.0,1492.0,1228700.0,24045,0.32822322004541554,13.189875359395135,18.095479772024046,155.06450270774417,4.771539555693943
MULGRAVE,7213,1477,Monash,60.0,1348.0,1022600.0,22093,-0.1259586468819929,12.014276313808649,22.281433607916128,148.6371420607918,4.759598291902064
MURRUMBEENA,2947,2728,Glen Eira,64.0,1287.0,1574000.0,30031,-0.31835513217763123,13.625166108782576,18.092557360143484,173.29454694248173,4.786980223291202
NEWPORT,5240,1816,Hobsons Bay,74.0,1626.0,1197100.0,14791,0.7508646795473095,12.542819355542175,20.706697955017987,121.61825520866512,4.769871119789353
NIDDRIE,2198,1140,Moonee Valley,69.0,1204.0,1148000.0,13979,-0.5801405138094013,11.37106734571447,16.862722613388318,118.23282116231516,4.767171320953118
NORTHCOTE,8461,5349,Darebin,69.0,1563.0,1630800.0,21000,0.5521601127665683,15.543529899182081,23.102936278111105,144.9137674618944,4.789129656433564
NOTTING HILL,879,1125,Monash,48.0,962.0,1074100.0,18901,-1.3434183735068517,11.33873656129222,13.417643055257688,137.48090776540573,4.76283611666078
NUNAWADING,4033,2270,Whitehorse,70.0,1202.0,1171100.0,20796,-0.5864485952945042,13.129403324816804,19.48337705353413,144.20818284688286,4.7684583525460695
OAKLEIGH,3155,1636,Monash,65.0,1340.0,1301400.0,16280,-0.15119097282240448,12.274077692708985,18.388162125128915,127.59310326189265,4.77519055767323
OAKLEIGH EAST,2245,1315,Monash,65.0,1340.0,1185500.0,16280,-0.15119097282240448,11.723127371862276,16.94926711083961,127.59310326189265,4.769245388946168
ORMOND,2378,2357,Glen Eira,72.0,1538.0,1746300.0,17630,0.47330909420278217,13.229915347816648,17.18639112223952,132.77801022759755,4.793236569006716
PARKDALE,4160,2433,Kingston,76.0,1492.0,1341800.0,24045,0.32822322004541554,13.315102158572444,19.62520941552677,155.06450270774417,4.777115545330172
PARKVILLE,1058,2943,Melbourne,71.0,1480.0,1849500.0,6692,0.29037473113479817,13.833192474714885,14.068583997313624,81.80464534487024,4.796640252911802
PASCOE VALE,6167,3475,Moreland,73.0,1283.0,943200.0,21429,-0.330971295147837,14.295910675302455,21.49789162007281,146.38647478507022,4.754203782042562
PLENTY,703,79,Nillumbik,83.0,2215.0,1668900.0,1529,2.608594676910112,5.839565298917925,12.66173698331764,39.102429592034305,4.790521871254744
POINT COOK,23338,1855,Wyndham,77.0,1470.0,843900.0,36356,0.2588343237092837,12.597962890353681,28.92587592236375,190.67249408344142,4.746637734451611
PRAHRAN,4230,8324,Stonnington,66.0,1560.0,1706800.0,17776,0.542697990538914,16.89564315378773,19.701878211450563,133.32666649999166,4.791869559747558
PRESTON,11418,7672,Darebin,63.0,1155.0,1075700.0,27067,-0.7346885101944223,16.64051872474395,24.712158908276038,164.52051543804498,4.762933718660212
RESEARCH,885,162,Nillumbik,85.0,1923.0,1488100.0,28827,1.6876147800850894,7.148635882240118,13.44114606271013,169.78515836197226,4.783546848384012
RESERVOIR,16913,8713,Darebin,63.0,972.0,861800.0,45591,-1.311877966081337,17.039659567357948,26.959661189196208,213.5204908199679,4.748077939039645
RICHMOND,8875,13869,Yarra,65.0,1731.0,1389100.0,24112,1.0820389575152116,18.55386069857773,23.35355000417727,155.28039155025337,4.779283066934486
RINGWOOD,6350,4648,Maroondah,79.0,1393.0,1024000.0,28808,0.015973186532822238,15.129677958043738,21.64243849942283,169.72919607421701,4.759688870053663
RINGWOOD NORTH,3378,549,Maroondah,79.0,1393.0,1236500.0,28808,0.015973186532822238,9.666269749671429,18.68789280891649,169.72919607421701,4.771943495581441
RIPPONLEA,363,695,Port Phillip,69.0,1497.0,1641600.0,10824,0.34399342375817277,10.199279309067919,10.598116563316948,104.03845442911962,4.789528220086745
ROSANNA,3073,1156,Banyule,77.0,1551.0,1192000.0,21826,0.514311623855951,11.405146673725431,18.27358396166736,147.7362514753911,4.769596911368537
ROWVILLE,9231,1496,Knox,71.0,1699.0,1069100.0,28725,0.9811096537535652,12.046571799768978,23.56152507763787,169.48451256678294,4.762529985874137
SANDRINGHAM,3340,2563,Bayside,79.0,1836.0,1785000.0,8146,1.4132132354831135,13.455573000415304,18.637983949504555,90.2551937563706,4.794540485522081
SCORESBY,2159,206,Knox,75.0,1486.0,1027200.0,5872,0.3092989755901069,7.613946709883804,16.789753380663903,76.62897624267207,4.759895350742195
SEABROOK,1452,264,Hobsons Bay,67.0,1221.0,739400.0,29313,-0.5265218211860268,8.10946922182791,15.23262642633292,171.2103968805633,4.737429410481473
SEAHOLME,826,188,Hobsons Bay,70.0,1160.0,1316200.0,11742,-0.7189183064816651,7.4352067155788495,13.204130138108038,108.36050941187015,4.7759039459016845
SEDDON,2035,844,Maribyrnong,49.0,1181.0,1148600.0,16926,-0.6526834508880847,10.65046155431051,16.550358796908764,130.09996156801893,4.767205141017493
SOUTH KINGSVILLE,826,527,Hobsons Bay,74.0,1626.0,979800.0,14791,0.7508646795473095,9.575440303848364,13.204130138108038,121.61825520866512,4.756755347138803
SOUTH YARRA,5596,20356,Stonnington,64.0,1694.0,1828200.0,18044,0.965339450040808,19.8728975392605,21.023131717574856,134.32795688165587,4.7959566574693415
SOUTHBANK,807,24380,Melbourne,52.0,1838.0,2621500.0,4101,1.4195213169682164,20.515526551971927,13.124857130107056,64.03905058634146,4.816515234452862
SPOTSWOOD,1274,443,Hobsons Bay,74.0,1626.0,1144200.0,14791,0.7508646795473095,9.195032705229398,14.743549158165445,121.61825520866512,4.766956635046586
SPRINGVALE,6280,4315,Greater Dandenong,36.0,884.0,895800.0,18147,-1.5894335514258646,14.913629777481828,21.587554418855685,134.7108013486669,4.7507174837818305
SPRINGVALE SOUTH,3382,1080,Greater Dandenong,60.0,1155.0,814400.0,21516,-0.7346885101944223,11.239433732292074,18.69311964322291,146.68333238647122,4.744182611528817
ST ALBANS,12373,4513,Brimbank,46.0,907.0,697000.0,54005,-1.5168906143471812,15.043773223993865,25.158621251050374,232.38975881049493,4.7332380965790195
ST HELENA,800,170,Banyule,83.0,1524.0,1163300.0,26045,0.42915252380706187,7.240846889562518,13.095266556672202,161.38463371709216,4.768027192004387
STRATHMORE,3101,749,Moonee Valley,81.0,1634.0,1643800.0,10591,0.7760970054877211,10.371772156104525,18.312986140221735,102.91258426451063,4.789609024475292
SUNSHINE,4031,1779,Brimbank,52.0,929.0,883700.0,30677,-1.4475017180110494,12.48953945114121,19.481114451013056,175.1485084150019,4.749792061277789
SUNSHINE NORTH,4531,973,Brimbank,52.0,929.0,772000.0,30677,-1.4475017180110494,10.987962252727403,20.02018801409225,175.1485084150019,4.74046109537391
SUNSHINE WEST,6571,1496,Brimbank,52.0,929.0,711000.0,30677,-1.4475017180110494,12.046571799768978,21.81253070943081,175.1485084150019,4.734654998088014
SURREY HILLS,4622,2218,Whitehorse,81.0,1961.0,2059900.0,16832,1.8074683283020445,13.067709486679409,20.113014915051156,129.73819792181484,4.802924755882097
SYDENHAM,2811,1400,Brimbank,64.0,1491.0,658000.0,27356,0.3250691793028641,11.879564708669479,17.889921714856733,165.3964933122828,4.729104314663914
TEMPLESTOWE,5734,1487,Manningham,64.0,1789.0,1759800.0,16180,1.2649733205831954,12.031318855091822,21.141378707623737,127.20062892926276,4.7936953158594475
THOMASTOWN,7762,2091,Whittlesea,49.0,900.0,691800.0,21735,-1.5389688995450415,12.911552161184504,22.656077956796125,147.42794850366738,4.732703123839056
THORNBURY,6018,4275,Darebin,63.0,1275.0,1361700.0,16671,-0.3562036210882486,14.886706800894851,21.377588319188803,129.11622671066561,4.778038429599616
TOORAK,4088,5974,Stonnington,72.0,1977.0,2752300.0,12797,1.8579329801828677,15.87432366307137,19.54524220558539,113.1238259607586,4.819182798874742
TRAVANCORE,415,1693,Moonee Valley,67.0,1512.0,1386700.0,17187,0.3913040348964445,12.361860054551082,10.996209551130974,131.0991990822217,4.779175225722074
TRUGANINA,12111,961,Wyndham,74.0,1402.0,680500.0,39324,0.04435955321578527,10.958272232791707,25.03902114505792,198.3027987699619,4.731523819282104
TULLAMARINE,3164,2016,Hume,65.0,1150.0,706000.0,16710,-0.7504587139071796,12.815399299229169,18.40058905813581,129.267165204471,4.73415282306604
UPWEY,2604,227,Yarra Ranges,84.0,1537.0,929900.0,6895,0.4701550534602307,7.80599486203339,17.565550924347928,83.03613671167511,4.753247080704847
VERMONT,3636,1030,Whitehorse,71.0,1459.0,1186300.0,20802,0.22413987554121778,11.124767559904488,19.015122866826847,144.22898460434365,4.769288777506904
VIEWBANK,2434,356,Banyule,77.0,1551.0,1147300.0,21826,0.514311623855951,8.727786342488315,17.282999955927828,147.7362514753911,4.767131837477814
WANTIRNA,4861,1165,Knox,70.0,1463.0,1071300.0,31889,0.23675603851142357,11.424135720666227,20.349889062413716,178.57491425169437,4.76266489396505
WARRANWOOD,1338,178,Maroondah,79.0,1393.0,1309600.0,28808,0.015973186532822238,7.3293440661526486,14.925479060191975,169.72919607421701,4.775587004902656
WATSONIA,2191,614,Banyule,82.0,1300.0,879500.0,8932,-0.27735260252446237,9.917201576216764,16.84970390787259,94.50925880568528,4.749467290657588
WATSONIA NORTH,1300,60,Banyule,82.0,1300.0,912000.0,8932,-0.27735260252446237,5.368863013596834,14.818339417254457,94.50925880568528,4.751933332159647
WERRIBEE,14482,4489,Wyndham,77.0,1470.0,634600.0,36356,0.2588343237092837,15.028266907458939,26.052656395342435,190.67249408344142,4.726480726207296
WEST FOOTSCRAY,3870,2546,Maribyrnong,56.0,1162.0,947700.0,19978,-0.7126102249965621,13.437562239497046,19.295890962243096,141.34355308962628,4.754523830159743
WESTMEADOWS,2446,596,Hume,74.0,1388.0,684900.0,8623,0.00020298282006500046,9.850128443771414,17.30346515545146,92.86010984270911,4.731985783084683
WILLIAMS LANDING,2735,173,Wyndham,87.0,1842.0,866400.0,170,1.432137479938422,7.274451178318571,17.773169709952153,13.038404810405298,4.748442274513555
WINDSOR,2201,4448,Stonnington,66.0,1560.0,1629600.0,17776,0.542697990538914,15.001608710391103,16.86829168871556,133.32666649999166,4.789085176753335
WOLLERT,6516,259,Whittlesea,80.0,1355.0,704700.0,350,-0.10388036168413277,8.070717881707067,21.77064221347022,18.708286933869708,4.734021560437586
YALLAMBIE,1286,81,Banyule,79.0,1458.0,998200.0,12063,0.22098583479866632,5.883162737011107,14.778221240482571,109.83168941612435,4.757995402890634
YARRAVILLE,5855,2072,Maribyrnong,67.0,1583.0,1148100.0,11645,0.6152409276175973,12.887481821498417,21.243160594373222,107.91200118615167,4.767176959098639
